Query	qlen	sseqid	slen	qstart	qend	sstart	send	Evalue	Bitscore	score	length	qcovhsp	Identity	staxids	stitle	salltitles	Superkingdom	Scientific_name
scaffold278-size71645-gene-0.3	222	PXF45854.1	1905	1	222	291	513	7.3e-53	217.6	553	224	100.0	57.6	448386	PXF45854.1 Cleavage and polyadenylation specificity factor subunit 1 [Gracilariopsis chorda]	PXF45854.1 Cleavage and polyadenylation specificity factor subunit 1 [Gracilariopsis chorda]	cellular organisms;Eukaryota;Rhodophyta;Florideophyceae;Rhodymeniophycidae;Gracilariales;Gracilariaceae;Gracilariopsis	Gracilariopsis chorda
scaffold278-size71645-gene-0.3	222	XP_005711869.1	1898	1	222	290	511	6.6e-38	167.9	424	222	100.0	45.9	2769	XP_005711869.1 Cleavage and polyadenylation specificity factor, 160kDa variant [Chondrus crispus]	XP_005711869.1 Cleavage and polyadenylation specificity factor, 160kDa variant [Chondrus crispus]<>CDF32204.1 Cleavage and polyadenylation specificity factor, 160kDa variant [Chondrus crispus]	cellular organisms;Eukaryota;Rhodophyta;Florideophyceae;Rhodymeniophycidae;Gigartinales;Gigartinaceae;Chondrus	Chondrus crispus
scaffold5-size699606-gene-0.19	516	PXF42467.1	483	1	198	155	352	2.7999999999999996e-87	333.2	853	198	38.4	89.9	448386	PXF42467.1 Vacuolar calcium ion transporter [Gracilariopsis chorda]	PXF42467.1 Vacuolar calcium ion transporter [Gracilariopsis chorda]	cellular organisms;Eukaryota;Rhodophyta;Florideophyceae;Rhodymeniophycidae;Gracilariales;Gracilariaceae;Gracilariopsis	Gracilariopsis chorda
scaffold5-size699606-gene-0.19	516	XP_005714691.1	546	1	213	225	433	2.1000000000000002e-58	237.3	604	216	41.3	66.7	2769	XP_005714691.1 unnamed protein product [Chondrus crispus]	XP_005714691.1 unnamed protein product [Chondrus crispus]<>CDF34872.1 unnamed protein product [Chondrus crispus]	cellular organisms;Eukaryota;Rhodophyta;Florideophyceae;Rhodymeniophycidae;Gigartinales;Gigartinaceae;Chondrus	Chondrus crispus
scaffold5-size699606-gene-0.19	516	KAA8499256.1	568	2	198	94	306	5.6e-40	176.0	445	213	38.2	49.3	35688	KAA8499256.1 Vacuolar calcium ion transporter [Porphyridium purpureum]	KAA8499256.1 Vacuolar calcium ion transporter [Porphyridium purpureum]	cellular organisms;Eukaryota;Rhodophyta;Bangiophyceae;Porphyridiales;Porphyridiaceae;Porphyridium	Porphyridium purpureum
scaffold5-size699606-gene-0.19	516	OSX70551.1	499	1	198	142	368	9.6e-40	175.3	443	227	38.4	48.0	2786	OSX70551.1 hypothetical protein BU14_0721s0003 [Porphyra umbilicalis]	OSX70551.1 hypothetical protein BU14_0721s0003 [Porphyra umbilicalis]	cellular organisms;Eukaryota;Rhodophyta;Bangiophyceae;Bangiales;Bangiaceae;Porphyra	Porphyra umbilicalis
scaffold5-size699606-gene-0.19	516	KAA8491472.1	536	2	151	180	331	1.6e-34	157.9	398	153	29.1	52.3	35688	KAA8491472.1 Vacuolar calcium ion transporter [Porphyridium purpureum]	KAA8491472.1 Vacuolar calcium ion transporter [Porphyridium purpureum]	cellular organisms;Eukaryota;Rhodophyta;Bangiophyceae;Porphyridiales;Porphyridiaceae;Porphyridium	Porphyridium purpureum
scaffold5-size699606-gene-0.19	516	KAA8494631.1	421	1	208	88	301	1.7999999999999998e-33	154.5	389	218	40.3	44.0	35688	KAA8494631.1 Ca(2+)/H(+) antiporter [Porphyridium purpureum]	KAA8494631.1 Ca(2+)/H(+) antiporter [Porphyridium purpureum]	cellular organisms;Eukaryota;Rhodophyta;Bangiophyceae;Porphyridiales;Porphyridiaceae;Porphyridium	Porphyridium purpureum
scaffold5-size699606-gene-0.19	516	ONH65795.1	398	1	198	67	266	9.599999999999999e-32	148.7	374	203	38.4	41.9	36022	ONH65795.1 Vacuolar calcium ion transporter [Cyberlindnera fabianii]	ONH65795.1 Vacuolar calcium ion transporter [Cyberlindnera fabianii]<>CDR42087.1 CYFA0S08e03466g1_1 [Cyberlindnera fabianii]	cellular organisms;Eukaryota;Opisthokonta;Fungi;Dikarya;Ascomycota;saccharomyceta;Saccharomycotina;Saccharomycetes;Saccharomycetales;Phaffomycetaceae;Cyberlindnera	Cyberlindnera fabianii
scaffold5-size699606-gene-0.19	516	EPZ31149.1	377	1	198	71	259	1.8e-30	144.4	363	203	38.4	42.4	988480	EPZ31149.1 Calcium/proton exchanger CAX domain-containing protein [Rozella allomycis CSF55]	EPZ31149.1 Calcium/proton exchanger CAX domain-containing protein [Rozella allomycis CSF55]	cellular organisms;Eukaryota;Opisthokonta;Fungi;Fungi incertae sedis;Cryptomycota;Cryptomycota incertae sedis;Rozella;Rozella allomycis	Rozella allomycis CSF55
scaffold5-size699606-gene-0.19	516	KAA8893208.1	424	1	198	94	284	5.3000000000000004e-30	142.9	359	201	38.4	41.8	1250544	KAA8893208.1 Sodium/calcium exchanger protein-domain-containing protein [Sphaerosporella brunnea]	KAA8893208.1 Sodium/calcium exchanger protein-domain-containing protein [Sphaerosporella brunnea]	cellular organisms;Eukaryota;Opisthokonta;Fungi;Dikarya;Ascomycota;saccharomyceta;Pezizomycotina;Pezizomycetes;Pezizales;Pyronemataceae;Sphaerosporella	Sphaerosporella brunnea
scaffold5-size699606-gene-0.19	516	TPX72654.1	402	1	198	81	269	6.9e-30	142.5	358	198	38.4	40.4	117820	TPX72654.1 hypothetical protein SpCBS45565_g00225 [Spizellomyces sp. 'palustris']	TPX72654.1 hypothetical protein SpCBS45565_g00225 [Spizellomyces sp. 'palustris']	cellular organisms;Eukaryota;Opisthokonta;Fungi;Fungi incertae sedis;Chytridiomycota;Chytridiomycota incertae sedis;Chytridiomycetes;Spizellomycetales;Spizellomycetaceae;Spizellomyces;unclassified Spizellomyces	Spizellomyces sp. 'palustris'
scaffold5-size699606-gene-0.19	516	XP_005706342.1	414	1	202	80	288	9.000000000000001e-30	142.1	357	211	39.1	39.3	130081	XP_005706342.1 Ca2+:H+ antiporter, CaCA family [Galdieria sulphuraria]	XP_005706342.1 Ca2+:H+ antiporter, CaCA family [Galdieria sulphuraria]<>EME29822.1 Ca2+:H+ antiporter, CaCA family [Galdieria sulphuraria]	cellular organisms;Eukaryota;Rhodophyta;Bangiophyceae;Cyanidiales;Cyanidiaceae;Galdieria	Galdieria sulphuraria
scaffold5-size699606-gene-0.19	516	KAF2153318.1	530	1	198	169	394	1.2e-29	141.7	356	226	38.4	39.8	1168546	KAF2153318.1 calcium/proton exchanger, partial [Myriangium duriaei CBS 260.36]	KAF2153318.1 calcium/proton exchanger, partial [Myriangium duriaei CBS 260.36]	cellular organisms;Eukaryota;Opisthokonta;Fungi;Dikarya;Ascomycota;saccharomyceta;Pezizomycotina;leotiomyceta;dothideomyceta;Dothideomycetes;Dothideomycetidae;Myriangiales;Myriangiaceae;Myriangium;Myriangium duriaei	Myriangium duriaei CBS 260.36
scaffold5-size699606-gene-0.19	516	TPX59000.1	400	1	198	84	270	1.4999999999999998e-29	141.4	355	198	38.4	39.9	109895	TPX59000.1 hypothetical protein PhCBS80983_g02785 [Powellomyces hirtus]	TPX59000.1 hypothetical protein PhCBS80983_g02785 [Powellomyces hirtus]	cellular organisms;Eukaryota;Opisthokonta;Fungi;Fungi incertae sedis;Chytridiomycota;Chytridiomycota incertae sedis;Chytridiomycetes;Spizellomycetales;Powellomycetaceae;Powellomyces	Powellomyces hirtus
scaffold5-size699606-gene-0.19	516	XP_020069658.1	398	1	198	70	265	1.4999999999999998e-29	141.4	355	201	38.4	41.8	4903;983966	XP_020069658.1 calcium/proton exchanger [Cyberlindnera jadinii NRRL Y-1542]	XP_020069658.1 calcium/proton exchanger [Cyberlindnera jadinii NRRL Y-1542]<>ODV72619.1 calcium/proton exchanger [Cyberlindnera jadinii NRRL Y-1542]<>CEP24658.1 unnamed protein product [Cyberlindnera jadinii]	cellular organisms;Eukaryota;Opisthokonta;Fungi;Dikarya;Ascomycota;saccharomyceta;Saccharomycotina;Saccharomycetes;Saccharomycetales;Phaffomycetaceae;Cyberlindnera;Cyberlindnera jadinii	Cyberlindnera jadinii NRRL Y-1542
scaffold5-size699606-gene-0.19	516	KZZ97827.1	464	1	198	120	317	2.0000000000000002e-29	141.0	354	198	38.4	41.9	392613	KZZ97827.1 calcium/proton exchanger [Ascosphaera apis ARSEF 7405]	KZZ97827.1 calcium/proton exchanger [Ascosphaera apis ARSEF 7405]	cellular organisms;Eukaryota;Opisthokonta;Fungi;Dikarya;Ascomycota;saccharomyceta;Pezizomycotina;leotiomyceta;Eurotiomycetes;Eurotiomycetidae;Onygenales;Ascosphaeraceae;Ascosphaera;Ascosphaera apis	Ascosphaera apis ARSEF 7405
scaffold5-size699606-gene-0.19	516	XP_007920216.1	400	1	198	52	255	2.0000000000000002e-29	141.0	354	204	38.4	42.2	383855	XP_007920216.1 uncharacterized protein MYCFIDRAFT_58079 [Pseudocercospora fijiensis CIRAD86]	XP_007920216.1 uncharacterized protein MYCFIDRAFT_58079 [Pseudocercospora fijiensis CIRAD86]<>EME88854.1 hypothetical protein MYCFIDRAFT_58079 [Pseudocercospora fijiensis CIRAD86]	cellular organisms;Eukaryota;Opisthokonta;Fungi;Dikarya;Ascomycota;saccharomyceta;Pezizomycotina;leotiomyceta;dothideomyceta;Dothideomycetes;Dothideomycetidae;Mycosphaerellales;Mycosphaerellaceae;Pseudocercospora;Pseudocercospora fijiensis	Pseudocercospora fijiensis CIRAD86
scaffold5-size699606-gene-0.19	516	XP_013309897.1	465	1	198	127	316	4.5000000000000004e-29	139.8	351	198	38.4	43.4	348802	XP_013309897.1 calcium/proton exchanger [Exophiala xenobiotica]	XP_013309897.1 calcium/proton exchanger [Exophiala xenobiotica]<>KIW49313.1 calcium/proton exchanger [Exophiala xenobiotica]	cellular organisms;Eukaryota;Opisthokonta;Fungi;Dikarya;Ascomycota;saccharomyceta;Pezizomycotina;leotiomyceta;Eurotiomycetes;Chaetothyriomycetidae;Chaetothyriales;Herpotrichiellaceae;Exophiala	Exophiala xenobiotica
scaffold5-size699606-gene-0.19	516	RLN50094.1	399	1	198	121	308	4.5000000000000004e-29	139.8	351	200	38.4	44.0	2483409	RLN50094.1 hypothetical protein BBJ28_00008239, partial [Nothophytophthora sp. Chile5]	RLN50094.1 hypothetical protein BBJ28_00008239, partial [Nothophytophthora sp. Chile5]	cellular organisms;Eukaryota;Sar;Stramenopiles;Oomycota;Peronosporales;Peronosporaceae;Nothophytophthora;unclassified Nothophytophthora	Nothophytophthora sp. Chile5
scaffold5-size699606-gene-0.19	516	OQO20291.1	1017	1	164	370	536	5.9e-29	139.4	350	167	31.8	46.7	1974281	OQO20291.1 hypothetical protein B0A51_10476 [Rachicladosporium sp. CCFEE 5018]	OQO20291.1 hypothetical protein B0A51_10476 [Rachicladosporium sp. CCFEE 5018]	cellular organisms;Eukaryota;Opisthokonta;Fungi;Dikarya;Ascomycota;saccharomyceta;Pezizomycotina;leotiomyceta;dothideomyceta;Dothideomycetes;Dothideomycetidae;Cladosporiales;Cladosporiaceae;Rachicladosporium;unclassified Rachicladosporium	Rachicladosporium sp. CCFEE 5018
scaffold5-size699606-gene-0.19	516	OQO10640.1	1018	1	164	370	536	5.9e-29	139.4	350	167	31.8	46.7	1507870	OQO10640.1 hypothetical protein B0A48_03938 [Rachicladosporium antarcticum]	OQO10640.1 hypothetical protein B0A48_03938 [Rachicladosporium antarcticum]	cellular organisms;Eukaryota;Opisthokonta;Fungi;Dikarya;Ascomycota;saccharomyceta;Pezizomycotina;leotiomyceta;dothideomyceta;Dothideomycetes;Dothideomycetidae;Cladosporiales;Cladosporiaceae;Rachicladosporium	Rachicladosporium antarcticum
scaffold5-size699606-gene-0.19	516	OWZ20129.1	444	1	205	121	316	5.9e-29	139.4	350	208	39.7	45.7	4795	OWZ20129.1 Calcium/proton exchanger [Phytophthora megakarya]	OWZ20129.1 Calcium/proton exchanger [Phytophthora megakarya]	cellular organisms;Eukaryota;Sar;Stramenopiles;Oomycota;Peronosporales;Peronosporaceae;Phytophthora	Phytophthora megakarya
scaffold5-size699606-gene-0.19	516	XP_007719189.1	430	1	198	91	280	5.9e-29	139.4	350	200	38.4	45.5	1182541	XP_007719189.1 calcium/proton exchanger [Capronia coronata CBS 617.96]	XP_007719189.1 calcium/proton exchanger [Capronia coronata CBS 617.96]<>EXJ94960.1 calcium/proton exchanger [Capronia coronata CBS 617.96]	cellular organisms;Eukaryota;Opisthokonta;Fungi;Dikarya;Ascomycota;saccharomyceta;Pezizomycotina;leotiomyceta;Eurotiomycetes;Chaetothyriomycetidae;Chaetothyriales;Herpotrichiellaceae;Capronia;Capronia coronata	Capronia coronata CBS 617.96
scaffold5-size699606-gene-0.19	516	OQO01280.1	1018	1	164	370	536	5.9e-29	139.4	350	167	31.8	46.7	1507870	OQO01280.1 hypothetical protein B0A48_12833 [Rachicladosporium antarcticum]	OQO01280.1 hypothetical protein B0A48_12833 [Rachicladosporium antarcticum]	cellular organisms;Eukaryota;Opisthokonta;Fungi;Dikarya;Ascomycota;saccharomyceta;Pezizomycotina;leotiomyceta;dothideomyceta;Dothideomycetes;Dothideomycetidae;Cladosporiales;Cladosporiaceae;Rachicladosporium	Rachicladosporium antarcticum
scaffold5-size699606-gene-0.19	516	OQO23578.1	1018	1	164	370	536	5.9e-29	139.4	350	167	31.8	46.7	1974281	OQO23578.1 hypothetical protein B0A51_07475 [Rachicladosporium sp. CCFEE 5018]	OQO23578.1 hypothetical protein B0A51_07475 [Rachicladosporium sp. CCFEE 5018]	cellular organisms;Eukaryota;Opisthokonta;Fungi;Dikarya;Ascomycota;saccharomyceta;Pezizomycotina;leotiomyceta;dothideomyceta;Dothideomycetes;Dothideomycetidae;Cladosporiales;Cladosporiaceae;Rachicladosporium;unclassified Rachicladosporium	Rachicladosporium sp. CCFEE 5018
scaffold5-size699606-gene-0.19	516	KXS13239.1	425	1	201	101	298	5.9e-29	139.4	350	203	39.0	43.8	1344416	KXS13239.1 calcium/proton exchanger [Gonapodya prolifera JEL478]	KXS13239.1 calcium/proton exchanger [Gonapodya prolifera JEL478]	cellular organisms;Eukaryota;Opisthokonta;Fungi;Fungi incertae sedis;Chytridiomycota;Chytridiomycota incertae sedis;Monoblepharidomycetes;Monoblepharidales;Gonapodyaceae;Gonapodya;Gonapodya prolifera	Gonapodya prolifera JEL478
scaffold5-size699606-gene-0.20	959	PXF42468.1	236	1	219	19	235	7.599999999999998e-99	372.5	955	219	22.8	86.3	448386	PXF42468.1 La-related protein 4 [Gracilariopsis chorda]	PXF42468.1 La-related protein 4 [Gracilariopsis chorda]	cellular organisms;Eukaryota;Rhodophyta;Florideophyceae;Rhodymeniophycidae;Gracilariales;Gracilariaceae;Gracilariopsis	Gracilariopsis chorda
scaffold5-size699606-gene-0.20	959	XP_005714689.1	532	443	947	9	518	1.2e-16	99.4	246	522	52.7	29.7	2769	XP_005714689.1 unnamed protein product [Chondrus crispus]	XP_005714689.1 unnamed protein product [Chondrus crispus]<>CDF34870.1 unnamed protein product [Chondrus crispus]	cellular organisms;Eukaryota;Rhodophyta;Florideophyceae;Rhodymeniophycidae;Gigartinales;Gigartinaceae;Chondrus	Chondrus crispus
scaffold5-size699606-gene-0.20	959	KAA8493506.1	1075	1	194	39	223	2.4e-15	95.1	235	199	20.2	32.2	35688	KAA8493506.1 La-related protein [Porphyridium purpureum]	KAA8493506.1 La-related protein [Porphyridium purpureum]	cellular organisms;Eukaryota;Rhodophyta;Bangiophyceae;Porphyridiales;Porphyridiaceae;Porphyridium	Porphyridium purpureum
scaffold5-size699606-gene-0.20	959	KAF2068619.1	591	1	175	16	173	4e-07	67.8	164	176	18.2	25.6	133409	KAF2068619.1 hypothetical protein CYY_010056 [Polysphondylium violaceum]	KAF2068619.1 hypothetical protein CYY_010056 [Polysphondylium violaceum]	cellular organisms;Eukaryota;Amoebozoa;Evosea;Eumycetozoa;Dictyostelia;Dictyosteliales;Dictyosteliaceae;Polysphondylium	Polysphondylium violaceum
scaffold5-size699606-gene-0.20	959	XP_008907246.1	617	1	195	73	245	7.6e-06	63.5	153	196	20.3	25.5	4792;761204;1317063;1317065;1317066	XP_008907246.1 hypothetical protein PPTG_13373 [Phytophthora parasitica INRA-310]	XP_008907246.1 hypothetical protein PPTG_13373 [Phytophthora parasitica INRA-310]<>ETI43960.1 hypothetical protein F443_11248 [Phytophthora parasitica P1569]<>ETK84012.1 hypothetical protein L915_10962 [Phytophthora parasitica]<>ETO72646.1 hypothetical protein F444_11307 [Phytophthora parasitica P1976]<>ETP13771.1 hypothetical protein F441_11163 [Phytophthora parasitica CJ01A1]<>ETL37421.1 hypothetical protein L916_10859 [Phytophthora parasitica]	cellular organisms;Eukaryota;Sar;Stramenopiles;Oomycota;Peronosporales;Peronosporaceae;Phytophthora;Phytophthora parasitica	Phytophthora parasitica INRA-310
scaffold5-size699606-gene-0.20	959	KUF79126.1	813	1	195	269	441	7.6e-06	63.5	153	196	20.3	25.5	4790	KUF79126.1 La-related protein 4 [Phytophthora nicotianae]	KUF79126.1 La-related protein 4 [Phytophthora nicotianae]	cellular organisms;Eukaryota;Sar;Stramenopiles;Oomycota;Peronosporales;Peronosporaceae;Phytophthora	Phytophthora nicotianae
scaffold5-size699606-gene-0.20	959	ETP41839.1	617	1	195	73	245	7.6e-06	63.5	153	196	20.3	25.5	1317064	ETP41839.1 hypothetical protein F442_11155 [Phytophthora parasitica P10297]	ETP41839.1 hypothetical protein F442_11155 [Phytophthora parasitica P10297]	cellular organisms;Eukaryota;Sar;Stramenopiles;Oomycota;Peronosporales;Peronosporaceae;Phytophthora;Phytophthora parasitica	Phytophthora parasitica P10297
scaffold5-size699606-gene-0.20	959	KUF97983.1	357	1	195	14	186	7.6e-06	63.5	153	196	20.3	25.5	4790	KUF97983.1 Ammonium Transporter (Amt) Family [Phytophthora nicotianae]	KUF97983.1 Ammonium Transporter (Amt) Family [Phytophthora nicotianae]	cellular organisms;Eukaryota;Sar;Stramenopiles;Oomycota;Peronosporales;Peronosporaceae;Phytophthora	Phytophthora nicotianae
scaffold5-size699606-gene-0.20	959	POM65220.1	514	1	196	14	187	9.9e-06	63.2	152	197	20.4	25.4	611791	POM65220.1 hypothetical protein PHPALM_19100 [Phytophthora palmivora var. palmivora]	POM65220.1 hypothetical protein PHPALM_19100 [Phytophthora palmivora var. palmivora]	cellular organisms;Eukaryota;Sar;Stramenopiles;Oomycota;Peronosporales;Peronosporaceae;Phytophthora;Phytophthora palmivora	Phytophthora palmivora var. palmivora
scaffold5-size699606-gene-0.20	959	XP_636262.1	621	1	175	22	179	1.7e-05	62.4	150	176	18.2	24.4	352472	XP_636262.1 hypothetical protein DDB_G0289333 [Dictyostelium discoideum AX4]	XP_636262.1 hypothetical protein DDB_G0289333 [Dictyostelium discoideum AX4]<>EAL62753.1 hypothetical protein DDB_G0289333 [Dictyostelium discoideum AX4]	cellular organisms;Eukaryota;Amoebozoa;Evosea;Eumycetozoa;Dictyostelia;Dictyosteliales;Dictyosteliaceae;Dictyostelium;Dictyostelium discoideum	Dictyostelium discoideum AX4
scaffold5-size699606-gene-0.20	959	RQM13506.1	570	1	189	15	191	1.7e-05	62.4	150	196	19.7	24.5	542832	RQM13506.1 hypothetical protein DD237_003765 [Peronospora effusa]	RQM13506.1 hypothetical protein DD237_003765 [Peronospora effusa]	cellular organisms;Eukaryota;Sar;Stramenopiles;Oomycota;Peronosporales;Peronosporaceae;Peronospora	Peronospora effusa
scaffold5-size699606-gene-0.20	959	RMX66049.1	570	1	189	15	191	1.7e-05	62.4	150	196	19.7	24.5	542832	RMX66049.1 hypothetical protein DD238_003953 [Peronospora effusa]	RMX66049.1 hypothetical protein DD238_003953 [Peronospora effusa]	cellular organisms;Eukaryota;Sar;Stramenopiles;Oomycota;Peronosporales;Peronosporaceae;Peronospora	Peronospora effusa
scaffold5-size699606-gene-0.20	959	RAW43462.1	569	1	195	14	186	2.8999999999999997e-05	61.6	148	196	20.3	25.5	29920	RAW43462.1 hypothetical protein PC110_g375 [Phytophthora cactorum]	RAW43462.1 hypothetical protein PC110_g375 [Phytophthora cactorum]	cellular organisms;Eukaryota;Sar;Stramenopiles;Oomycota;Peronosporales;Peronosporaceae;Phytophthora	Phytophthora cactorum
scaffold5-size699606-gene-0.20	959	KAE9051166.1	579	1	196	14	187	3.8e-05	61.2	147	197	20.4	25.4	129364	KAE9051166.1 hypothetical protein PR001_g1692 [Phytophthora rubi]	KAE9051166.1 hypothetical protein PR001_g1692 [Phytophthora rubi]	cellular organisms;Eukaryota;Sar;Stramenopiles;Oomycota;Peronosporales;Peronosporaceae;Phytophthora	Phytophthora rubi
scaffold5-size699606-gene-0.20	959	KYR02938.1	687	1	175	41	198	3.8e-05	61.2	147	176	18.2	23.9	361077	KYR02938.1 hypothetical protein DLAC_00418 [Tieghemostelium lacteum]	KYR02938.1 hypothetical protein DLAC_00418 [Tieghemostelium lacteum]	cellular organisms;Eukaryota;Amoebozoa;Evosea;Eumycetozoa;Dictyostelia;Dictyosteliales;Raperosteliaceae;Tieghemostelium	Tieghemostelium lacteum
scaffold5-size699606-gene-0.20	959	KAE9046221.1	579	1	196	14	187	3.8e-05	61.2	147	197	20.4	25.4	129364	KAE9046221.1 hypothetical protein PR002_g1774 [Phytophthora rubi]	KAE9046221.1 hypothetical protein PR002_g1774 [Phytophthora rubi]<>KAE9358290.1 hypothetical protein PR003_g1361 [Phytophthora rubi]	cellular organisms;Eukaryota;Sar;Stramenopiles;Oomycota;Peronosporales;Peronosporaceae;Phytophthora	Phytophthora rubi
scaffold5-size699606-gene-0.20	959	XP_002997728.1	569	1	195	14	186	3.8e-05	61.2	147	196	20.3	25.0	4787;403677	XP_002997728.1 conserved hypothetical protein [Phytophthora infestans T30-4]	XP_002997728.1 conserved hypothetical protein [Phytophthora infestans T30-4]<>EEY68029.1 conserved hypothetical protein [Phytophthora infestans T30-4]<>KAF4038874.1 La domain [Phytophthora infestans]<>KAF4143556.1 La domain [Phytophthora infestans]	cellular organisms;Eukaryota;Sar;Stramenopiles;Oomycota;Peronosporales;Peronosporaceae;Phytophthora;Phytophthora infestans	Phytophthora infestans T30-4
scaffold5-size699606-gene-0.20	959	KAE8888995.1	579	1	196	14	187	4.9e-05	60.8	146	197	20.4	25.4	53985	KAE8888995.1 hypothetical protein PF003_g26837 [Phytophthora fragariae]	KAE8888995.1 hypothetical protein PF003_g26837 [Phytophthora fragariae]<>KAE8946845.1 hypothetical protein PF009_g3538 [Phytophthora fragariae]<>KAE9026307.1 hypothetical protein PF011_g2610 [Phytophthora fragariae]<>KAE9133274.1 hypothetical protein PF010_g2872 [Phytophthora fragariae]<>KAE9133807.1 hypothetical protein PF007_g3183 [Phytophthora fragariae]	cellular organisms;Eukaryota;Sar;Stramenopiles;Oomycota;Peronosporales;Peronosporaceae;Phytophthora	Phytophthora fragariae
scaffold5-size699606-gene-0.20	959	KAE9360363.1	579	1	196	14	187	4.9e-05	60.8	146	197	20.4	25.4	53985	KAE9360363.1 hypothetical protein PF008_g1834 [Phytophthora fragariae]	KAE9360363.1 hypothetical protein PF008_g1834 [Phytophthora fragariae]	cellular organisms;Eukaryota;Sar;Stramenopiles;Oomycota;Peronosporales;Peronosporaceae;Phytophthora	Phytophthora fragariae
scaffold5-size699606-gene-0.20	959	XP_024581421.1	329	1	198	14	189	0.00011	59.7	143	199	20.6	23.1	4781	XP_024581421.1 la-related protein 4 [Plasmopara halstedii]	XP_024581421.1 la-related protein 4 [Plasmopara halstedii]<>CEG45052.1 la-related protein 4 [Plasmopara halstedii]	cellular organisms;Eukaryota;Sar;Stramenopiles;Oomycota;Peronosporales;Peronosporaceae;Plasmopara	Plasmopara halstedii
scaffold5-size699606-gene-0.20	959	XP_004351802.1	603	1	165	15	163	0.00014	59.3	142	167	17.2	25.1	261658	XP_004351802.1 hypothetical protein DFA_09905 [Cavenderia fasciculata]	XP_004351802.1 hypothetical protein DFA_09905 [Cavenderia fasciculata]<>EGG15082.1 hypothetical protein DFA_09905 [Cavenderia fasciculata]	cellular organisms;Eukaryota;Amoebozoa;Evosea;Eumycetozoa;Dictyostelia;Acytosteliales;Cavenderiaceae;Cavenderia	Cavenderia fasciculata
scaffold5-size699606-gene-0.20	959	XP_009514974.1	590	1	195	30	202	0.00014	59.3	142	196	20.3	24.0	67593	XP_009514974.1 hypothetical protein PHYSODRAFT_554114 [Phytophthora sojae]	XP_009514974.1 hypothetical protein PHYSODRAFT_554114 [Phytophthora sojae]<>EGZ27699.1 hypothetical protein PHYSODRAFT_554114 [Phytophthora sojae]	cellular organisms;Eukaryota;Sar;Stramenopiles;Oomycota;Peronosporales;Peronosporaceae;Phytophthora	Phytophthora sojae
scaffold5-size699606-gene-0.20	959	XP_026325537.1	377	1	77	24	101	0.0007099999999999999	57.0	136	78	8.0	37.2	1477025	XP_026325537.1 la protein homolog [Hyposmocoma kahamanoa]	XP_026325537.1 la protein homolog [Hyposmocoma kahamanoa]	cellular organisms;Eukaryota;Opisthokonta;Metazoa;Eumetazoa;Bilateria;Protostomia;Ecdysozoa;Panarthropoda;Arthropoda;Mandibulata;Pancrustacea;Hexapoda;Insecta;Dicondylia;Pterygota;Neoptera;Holometabola;Amphiesmenoptera;Lepidoptera;Glossata;Neolepidoptera;Heteroneura;Ditrysia;Gelechioidea;Cosmopterigidae;Cosmopteriginae;Hyposmocoma	Hyposmocoma kahamanoa
scaffold5-size699606-gene-0.22	381	PXF43947.1	315	32	303	39	310	6.299999999999999e-97	364.8	935	272	71.4	69.1	448386	PXF43947.1 Sugar phosphatase YidA [Gracilariopsis chorda]	PXF43947.1 Sugar phosphatase YidA [Gracilariopsis chorda]	cellular organisms;Eukaryota;Rhodophyta;Florideophyceae;Rhodymeniophycidae;Gracilariales;Gracilariaceae;Gracilariopsis	Gracilariopsis chorda
scaffold5-size699606-gene-0.22	381	XP_005713303.1	221	107	308	17	219	5.799999999999999e-42	182.2	461	204	53.0	52.0	2769	XP_005713303.1 unnamed protein product [Chondrus crispus]	XP_005713303.1 unnamed protein product [Chondrus crispus]<>CDF33500.1 unnamed protein product [Chondrus crispus]	cellular organisms;Eukaryota;Rhodophyta;Florideophyceae;Rhodymeniophycidae;Gigartinales;Gigartinaceae;Chondrus	Chondrus crispus
scaffold5-size699606-gene-0.22	381	HEC23874.1	280	40	303	14	270	1.1e-35	161.4	407	267	69.3	40.1		HEC23874.1 HAD family hydrolase [Chloroflexi bacterium]	HEC23874.1 HAD family hydrolase [Chloroflexi bacterium]	cellular organisms;Bacteria;Terrabacteria group;Chloroflexi;unclassified Chloroflexi	Chloroflexi bacterium
scaffold5-size699606-gene-0.22	381	KAA8494313.1	351	38	303	75	344	2e-34	157.1	396	275	69.8	39.6	35688	KAA8494313.1 putative phosphatase [Porphyridium purpureum]	KAA8494313.1 putative phosphatase [Porphyridium purpureum]	cellular organisms;Eukaryota;Rhodophyta;Bangiophyceae;Porphyridiales;Porphyridiaceae;Porphyridium	Porphyridium purpureum
scaffold5-size699606-gene-0.22	381	CBN75910.1	374	39	300	95	359	3.8e-33	152.9	385	268	68.8	36.6	2880	CBN75910.1 haloacid dehalogenase-like hydrolase [Ectocarpus siliculosus]	CBN75910.1 haloacid dehalogenase-like hydrolase [Ectocarpus siliculosus]	cellular organisms;Eukaryota;Sar;Stramenopiles;Ochrophyta;PX clade;Phaeophyceae;Ectocarpales;Ectocarpaceae;Ectocarpus	Ectocarpus siliculosus
scaffold5-size699606-gene-0.22	381	NOG62050.1	268	40	303	5	261	1.1e-32	151.4	381	267	69.3	34.5		NOG62050.1 HAD family hydrolase [Chloroflexi bacterium]	NOG62050.1 HAD family hydrolase [Chloroflexi bacterium]	cellular organisms;Bacteria;Terrabacteria group;Chloroflexi;unclassified Chloroflexi	Chloroflexi bacterium
scaffold5-size699606-gene-0.22	381	OUS48960.1	875	34	318	179	473	1.4e-32	151.0	380	300	74.8	36.7	70448	OUS48960.1 HAD-like domain-containing protein [Ostreococcus tauri]	OUS48960.1 HAD-like domain-containing protein [Ostreococcus tauri]	cellular organisms;Eukaryota;Viridiplantae;Chlorophyta;Mamiellophyceae;Mamiellales;Bathycoccaceae;Ostreococcus	Ostreococcus tauri
scaffold5-size699606-gene-0.22	381	XP_005715000.1	356	40	303	78	344	1.4e-32	151.0	380	269	69.3	35.7	2769	XP_005715000.1 unnamed protein product [Chondrus crispus]	XP_005715000.1 unnamed protein product [Chondrus crispus]<>CDF35181.1 unnamed protein product [Chondrus crispus]	cellular organisms;Eukaryota;Rhodophyta;Florideophyceae;Rhodymeniophycidae;Gigartinales;Gigartinaceae;Chondrus	Chondrus crispus
scaffold5-size699606-gene-0.22	381	XP_003081169.2	706	34	318	10	304	3.2e-32	149.8	377	300	74.8	36.3	70448	XP_003081169.2 Cation-transporting P-type ATPase [Ostreococcus tauri]	XP_003081169.2 Cation-transporting P-type ATPase [Ostreococcus tauri]<>CEF99027.1 Cation-transporting P-type ATPase [Ostreococcus tauri]	cellular organisms;Eukaryota;Viridiplantae;Chlorophyta;Mamiellophyceae;Mamiellales;Bathycoccaceae;Ostreococcus	Ostreococcus tauri
scaffold5-size699606-gene-0.22	381	PZN50274.1	313	25	303	27	295	7.099999999999999e-32	148.7	374	280	73.2	37.5	2026724	PZN50274.1 sugar-phosphatase [Chloroflexi bacterium]	PZN50274.1 sugar-phosphatase [Chloroflexi bacterium]	cellular organisms;Bacteria;Terrabacteria group;Chloroflexi;unclassified Chloroflexi	Chloroflexi bacterium
scaffold5-size699606-gene-0.22	381	HHG11499.1	399	30	303	58	389	2.1e-31	147.1	370	333	71.9	32.4		HHG11499.1 HAD family hydrolase [bacterium]	HHG11499.1 HAD family hydrolase [bacterium]	cellular organisms;Bacteria;unclassified Bacteria	bacterium
scaffold5-size699606-gene-0.22	381	GAX84048.1	299	33	303	26	290	4.6e-31	146.0	367	273	71.1	35.5	1157962	GAX84048.1 hypothetical protein CEUSTIGMA_g11472.t1 [Chlamydomonas eustigma]	GAX84048.1 hypothetical protein CEUSTIGMA_g11472.t1 [Chlamydomonas eustigma]	cellular organisms;Eukaryota;Viridiplantae;Chlorophyta;core chlorophytes;Chlorophyceae;Chlamydomonadales;Chlamydomonadaceae;Chlamydomonas	Chlamydomonas eustigma
scaffold5-size699606-gene-0.22	381	PXF46822.1	340	17	303	39	328	4.6e-31	146.0	367	294	75.3	35.0	448386	PXF46822.1 putative phosphatase [Gracilariopsis chorda]	PXF46822.1 putative phosphatase [Gracilariopsis chorda]	cellular organisms;Eukaryota;Rhodophyta;Florideophyceae;Rhodymeniophycidae;Gracilariales;Gracilariaceae;Gracilariopsis	Gracilariopsis chorda
scaffold5-size699606-gene-0.22	381	XP_005537107.1	399	30	303	58	389	1.3e-30	144.4	363	332	71.9	31.3	280699	XP_005537107.1 unknown hydrolase [Cyanidioschyzon merolae strain 10D]	XP_005537107.1 unknown hydrolase [Cyanidioschyzon merolae strain 10D]<>BAM81071.1 unknown hydrolase [Cyanidioschyzon merolae strain 10D]	cellular organisms;Eukaryota;Rhodophyta;Bangiophyceae;Cyanidiales;Cyanidiaceae;Cyanidioschyzon;Cyanidioschyzon merolae	Cyanidioschyzon merolae strain 10D
scaffold5-size699606-gene-0.22	381	KXZ46768.1	283	37	303	5	266	3e-30	143.3	360	270	70.1	38.5	33097	KXZ46768.1 hypothetical protein GPECTOR_41g733 [Gonium pectorale]	KXZ46768.1 hypothetical protein GPECTOR_41g733 [Gonium pectorale]	cellular organisms;Eukaryota;Viridiplantae;Chlorophyta;core chlorophytes;Chlorophyceae;Chlamydomonadales;Volvocaceae;Gonium	Gonium pectorale
scaffold5-size699606-gene-0.22	381	GAQ89757.1	311	23	305	6	282	3e-30	143.3	360	285	74.3	33.7	105231	GAQ89757.1 Haloacid dehalogenase-like hydrolase (HAD) family protein [Klebsormidium nitens]	GAQ89757.1 Haloacid dehalogenase-like hydrolase (HAD) family protein [Klebsormidium nitens]	cellular organisms;Eukaryota;Viridiplantae;Streptophyta;Klebsormidiophyceae;Klebsormidiales;Klebsormidiaceae;Klebsormidium	Klebsormidium nitens
scaffold5-size699606-gene-0.22	381	XP_013902493.1	287	40	309	17	281	3.8999999999999996e-30	142.9	359	277	70.9	37.2	145388	XP_013902493.1 hypothetical protein MNEG_4483 [Monoraphidium neglectum]	XP_013902493.1 hypothetical protein MNEG_4483 [Monoraphidium neglectum]<>KIZ03474.1 hypothetical protein MNEG_4483 [Monoraphidium neglectum]	cellular organisms;Eukaryota;Viridiplantae;Chlorophyta;core chlorophytes;Chlorophyceae;Sphaeropleales;Selenastraceae;Monoraphidium	Monoraphidium neglectum
scaffold5-size699606-gene-0.22	381	CEL94356.1	397	40	306	80	366	5.1e-30	142.5	358	290	70.1	34.1	1169540	CEL94356.1 unnamed protein product [Vitrella brassicaformis CCMP3155]	CEL94356.1 unnamed protein product [Vitrella brassicaformis CCMP3155]	cellular organisms;Eukaryota;Sar;Alveolata;Colpodellida;Vitrellaceae;Vitrella;Vitrella brassicaformis	Vitrella brassicaformis CCMP3155
scaffold5-size699606-gene-0.22	381	PJF40751.1	307	39	332	17	295	4.3000000000000004e-29	139.4	350	301	77.2	33.9	2026724;2364211	PJF40751.1 hypothetical protein CUN54_04020 [Candidatus Thermofonsia Clade 2 bacterium]	PJF40751.1 hypothetical protein CUN54_04020 [Candidatus Thermofonsia Clade 2 bacterium]<>RMF78846.1 HAD family phosphatase [Chloroflexi bacterium]	cellular organisms;Bacteria;Terrabacteria group;Chloroflexi;Candidatus Thermofonsia;Candidatus Thermofonsia Clade 2	Candidatus Thermofonsia Clade 2 bacterium
scaffold5-size699606-gene-0.22	381	XP_001696407.1	323	29	303	32	302	5.6e-29	139.0	349	280	72.2	37.9	3055	XP_001696407.1 haloacid dehalogenase-like hydrolase [Chlamydomonas reinhardtii]	XP_001696407.1 haloacid dehalogenase-like hydrolase [Chlamydomonas reinhardtii]<>ADF43132.1 HDH1p [Chlamydomonas reinhardtii]	cellular organisms;Eukaryota;Viridiplantae;Chlorophyta;core chlorophytes;Chlorophyceae;Chlamydomonadales;Chlamydomonadaceae;Chlamydomonas	Chlamydomonas reinhardtii
scaffold5-size699606-gene-0.22	381	PNW81570.1	301	29	303	10	280	5.6e-29	139.0	349	280	72.2	37.9	3055	PNW81570.1 hypothetical protein CHLRE_06g252150v5 [Chlamydomonas reinhardtii]	PNW81570.1 hypothetical protein CHLRE_06g252150v5 [Chlamydomonas reinhardtii]	cellular organisms;Eukaryota;Viridiplantae;Chlorophyta;core chlorophytes;Chlorophyceae;Chlamydomonadales;Chlamydomonadaceae;Chlamydomonas	Chlamydomonas reinhardtii
scaffold5-size699606-gene-0.22	381	ADF43173.1	323	29	303	32	302	7.4e-29	138.7	348	280	72.2	37.9	3055	ADF43173.1 HDH1m [Chlamydomonas reinhardtii]	ADF43173.1 HDH1m [Chlamydomonas reinhardtii]	cellular organisms;Eukaryota;Viridiplantae;Chlorophyta;core chlorophytes;Chlorophyceae;Chlamydomonadales;Chlamydomonadaceae;Chlamydomonas	Chlamydomonas reinhardtii
scaffold5-size699606-gene-0.22	381	NLH07895.1	279	38	312	3	273	1.3000000000000002e-28	137.9	346	284	72.2	35.9		NLH07895.1 HAD family hydrolase [Chloroflexi bacterium]	NLH07895.1 HAD family hydrolase [Chloroflexi bacterium]	cellular organisms;Bacteria;Terrabacteria group;Chloroflexi;unclassified Chloroflexi	Chloroflexi bacterium
scaffold5-size699606-gene-0.22	381	GBF87560.1	325	40	303	60	309	4.7999999999999995e-28	136.0	341	265	69.3	38.1	307507	GBF87560.1 haloacid dehalogenase-like hydrolase [Raphidocelis subcapitata]	GBF87560.1 haloacid dehalogenase-like hydrolase [Raphidocelis subcapitata]	cellular organisms;Eukaryota;Viridiplantae;Chlorophyta;core chlorophytes;Chlorophyceae;Sphaeropleales;Selenastraceae;Raphidocelis	Raphidocelis subcapitata
scaffold5-size699606-gene-0.22	381	XP_005704606.1	802	40	306	514	780	1.8e-27	134.0	336	272	70.1	34.2	130081	XP_005704606.1 4Fe-4S ferredoxin, iron-sulfur binding protein [Galdieria sulphuraria]	XP_005704606.1 4Fe-4S ferredoxin, iron-sulfur binding protein [Galdieria sulphuraria]<>EME28086.1 4Fe-4S ferredoxin, iron-sulfur binding protein [Galdieria sulphuraria]	cellular organisms;Eukaryota;Rhodophyta;Bangiophyceae;Cyanidiales;Cyanidiaceae;Galdieria	Galdieria sulphuraria
scaffold5-size699606-gene-0.24	371	PXF43951.1	479	1	371	107	479	2.7e-60	243.0	619	390	100.0	34.1	448386	PXF43951.1 Signal peptide, CUB and EGF-like domain-containing protein 3 [Gracilariopsis chorda]	PXF43951.1 Signal peptide, CUB and EGF-like domain-containing protein 3 [Gracilariopsis chorda]	cellular organisms;Eukaryota;Rhodophyta;Florideophyceae;Rhodymeniophycidae;Gracilariales;Gracilariaceae;Gracilariopsis	Gracilariopsis chorda
scaffold5-size699606-gene-0.24	371	XP_022523115.1	1100	5	103	814	905	2.8000000000000003e-09	73.6	179	100	26.7	39.0	7994	XP_022523115.1 signal peptide, CUB and EGF-like domain-containing protein 2 isoform X1 [Astyanax mexicanus]	XP_022523115.1 signal peptide, CUB and EGF-like domain-containing protein 2 isoform X1 [Astyanax mexicanus]	cellular organisms;Eukaryota;Opisthokonta;Metazoa;Eumetazoa;Bilateria;Deuterostomia;Chordata;Craniata;Vertebrata;Gnathostomata;Teleostomi;Euteleostomi;Actinopterygii;Actinopteri;Neopterygii;Teleostei;Osteoglossocephalai;Clupeocephala;Otomorpha;Ostariophysi;Otophysi;Characiphysae;Characiformes;Characoidei;Characidae;Stethaprioninae;Astyanax	Astyanax mexicanus
scaffold5-size699606-gene-0.24	371	XP_022523116.1	1099	5	103	813	904	2.8000000000000003e-09	73.6	179	100	26.7	39.0	7994	XP_022523116.1 signal peptide, CUB and EGF-like domain-containing protein 2 isoform X2 [Astyanax mexicanus]	XP_022523116.1 signal peptide, CUB and EGF-like domain-containing protein 2 isoform X2 [Astyanax mexicanus]	cellular organisms;Eukaryota;Opisthokonta;Metazoa;Eumetazoa;Bilateria;Deuterostomia;Chordata;Craniata;Vertebrata;Gnathostomata;Teleostomi;Euteleostomi;Actinopterygii;Actinopteri;Neopterygii;Teleostei;Osteoglossocephalai;Clupeocephala;Otomorpha;Ostariophysi;Otophysi;Characiphysae;Characiformes;Characoidei;Characidae;Stethaprioninae;Astyanax	Astyanax mexicanus
scaffold5-size699606-gene-0.24	371	XP_022523118.1	948	5	103	662	753	2.8000000000000003e-09	73.6	179	100	26.7	39.0	7994	XP_022523118.1 signal peptide, CUB and EGF-like domain-containing protein 2 isoform X4 [Astyanax mexicanus]	XP_022523118.1 signal peptide, CUB and EGF-like domain-containing protein 2 isoform X4 [Astyanax mexicanus]	cellular organisms;Eukaryota;Opisthokonta;Metazoa;Eumetazoa;Bilateria;Deuterostomia;Chordata;Craniata;Vertebrata;Gnathostomata;Teleostomi;Euteleostomi;Actinopterygii;Actinopteri;Neopterygii;Teleostei;Osteoglossocephalai;Clupeocephala;Otomorpha;Ostariophysi;Otophysi;Characiphysae;Characiformes;Characoidei;Characidae;Stethaprioninae;Astyanax	Astyanax mexicanus
scaffold5-size699606-gene-0.24	371	XP_022523117.1	1010	5	103	724	815	2.8000000000000003e-09	73.6	179	100	26.7	39.0	7994	XP_022523117.1 signal peptide, CUB and EGF-like domain-containing protein 2 isoform X3 [Astyanax mexicanus]	XP_022523117.1 signal peptide, CUB and EGF-like domain-containing protein 2 isoform X3 [Astyanax mexicanus]	cellular organisms;Eukaryota;Opisthokonta;Metazoa;Eumetazoa;Bilateria;Deuterostomia;Chordata;Craniata;Vertebrata;Gnathostomata;Teleostomi;Euteleostomi;Actinopterygii;Actinopteri;Neopterygii;Teleostei;Osteoglossocephalai;Clupeocephala;Otomorpha;Ostariophysi;Otophysi;Characiphysae;Characiformes;Characoidei;Characidae;Stethaprioninae;Astyanax	Astyanax mexicanus
scaffold5-size699606-gene-0.24	371	XP_017334376.1	991	5	103	705	796	8.199999999999999e-09	72.0	175	100	26.7	39.0	7998	XP_017334376.1 PREDICTED: signal peptide, CUB and EGF-like domain-containing protein 2 isoform X5 [Ictalurus punctatus]	XP_017334376.1 PREDICTED: signal peptide, CUB and EGF-like domain-containing protein 2 isoform X5 [Ictalurus punctatus]	cellular organisms;Eukaryota;Opisthokonta;Metazoa;Eumetazoa;Bilateria;Deuterostomia;Chordata;Craniata;Vertebrata;Gnathostomata;Teleostomi;Euteleostomi;Actinopterygii;Actinopteri;Neopterygii;Teleostei;Osteoglossocephalai;Clupeocephala;Otomorpha;Ostariophysi;Otophysi;Characiphysae;Siluriformes;Siluroidei;Ictaluridae;Ictalurus	Ictalurus punctatus
scaffold5-size699606-gene-0.24	371	XP_017334379.1	1023	5	103	737	828	8.199999999999999e-09	72.0	175	100	26.7	39.0	7998	XP_017334379.1 PREDICTED: signal peptide, CUB and EGF-like domain-containing protein 2 isoform X8 [Ictalurus punctatus]	XP_017334379.1 PREDICTED: signal peptide, CUB and EGF-like domain-containing protein 2 isoform X8 [Ictalurus punctatus]	cellular organisms;Eukaryota;Opisthokonta;Metazoa;Eumetazoa;Bilateria;Deuterostomia;Chordata;Craniata;Vertebrata;Gnathostomata;Teleostomi;Euteleostomi;Actinopterygii;Actinopteri;Neopterygii;Teleostei;Osteoglossocephalai;Clupeocephala;Otomorpha;Ostariophysi;Otophysi;Characiphysae;Siluriformes;Siluroidei;Ictaluridae;Ictalurus	Ictalurus punctatus
scaffold5-size699606-gene-0.24	371	XP_017334373.1	1032	5	103	746	837	8.199999999999999e-09	72.0	175	100	26.7	39.0	7998	XP_017334373.1 PREDICTED: signal peptide, CUB and EGF-like domain-containing protein 2 isoform X2 [Ictalurus punctatus]	XP_017334373.1 PREDICTED: signal peptide, CUB and EGF-like domain-containing protein 2 isoform X2 [Ictalurus punctatus]	cellular organisms;Eukaryota;Opisthokonta;Metazoa;Eumetazoa;Bilateria;Deuterostomia;Chordata;Craniata;Vertebrata;Gnathostomata;Teleostomi;Euteleostomi;Actinopterygii;Actinopteri;Neopterygii;Teleostei;Osteoglossocephalai;Clupeocephala;Otomorpha;Ostariophysi;Otophysi;Characiphysae;Siluriformes;Siluroidei;Ictaluridae;Ictalurus	Ictalurus punctatus
scaffold5-size699606-gene-0.24	371	XP_017334378.1	865	5	103	579	670	8.199999999999999e-09	72.0	175	100	26.7	39.0	7998	XP_017334378.1 PREDICTED: signal peptide, CUB and EGF-like domain-containing protein 2 isoform X7 [Ictalurus punctatus]	XP_017334378.1 PREDICTED: signal peptide, CUB and EGF-like domain-containing protein 2 isoform X7 [Ictalurus punctatus]	cellular organisms;Eukaryota;Opisthokonta;Metazoa;Eumetazoa;Bilateria;Deuterostomia;Chordata;Craniata;Vertebrata;Gnathostomata;Teleostomi;Euteleostomi;Actinopterygii;Actinopteri;Neopterygii;Teleostei;Osteoglossocephalai;Clupeocephala;Otomorpha;Ostariophysi;Otophysi;Characiphysae;Siluriformes;Siluroidei;Ictaluridae;Ictalurus	Ictalurus punctatus
scaffold5-size699606-gene-0.24	371	XP_017334371.1	1033	5	103	747	838	8.199999999999999e-09	72.0	175	100	26.7	39.0	7998	XP_017334371.1 PREDICTED: signal peptide, CUB and EGF-like domain-containing protein 2 isoform X1 [Ictalurus punctatus]	XP_017334371.1 PREDICTED: signal peptide, CUB and EGF-like domain-containing protein 2 isoform X1 [Ictalurus punctatus]	cellular organisms;Eukaryota;Opisthokonta;Metazoa;Eumetazoa;Bilateria;Deuterostomia;Chordata;Craniata;Vertebrata;Gnathostomata;Teleostomi;Euteleostomi;Actinopterygii;Actinopteri;Neopterygii;Teleostei;Osteoglossocephalai;Clupeocephala;Otomorpha;Ostariophysi;Otophysi;Characiphysae;Siluriformes;Siluroidei;Ictaluridae;Ictalurus	Ictalurus punctatus
scaffold5-size699606-gene-0.24	371	KAF4082764.1	1023	5	103	737	828	8.199999999999999e-09	72.0	175	100	26.7	39.0	219545	KAF4082764.1 hypothetical protein AMELA_G00131340 [Ameiurus melas]	KAF4082764.1 hypothetical protein AMELA_G00131340 [Ameiurus melas]	cellular organisms;Eukaryota;Opisthokonta;Metazoa;Eumetazoa;Bilateria;Deuterostomia;Chordata;Craniata;Vertebrata;Gnathostomata;Teleostomi;Euteleostomi;Actinopterygii;Actinopteri;Neopterygii;Teleostei;Osteoglossocephalai;Clupeocephala;Otomorpha;Ostariophysi;Otophysi;Characiphysae;Siluriformes;Siluroidei;Ictaluridae;Ameiurus	Ameiurus melas
scaffold5-size699606-gene-0.24	371	XP_017334377.1	866	5	103	580	671	8.199999999999999e-09	72.0	175	100	26.7	39.0	7998	XP_017334377.1 PREDICTED: signal peptide, CUB and EGF-like domain-containing protein 2 isoform X6 [Ictalurus punctatus]	XP_017334377.1 PREDICTED: signal peptide, CUB and EGF-like domain-containing protein 2 isoform X6 [Ictalurus punctatus]	cellular organisms;Eukaryota;Opisthokonta;Metazoa;Eumetazoa;Bilateria;Deuterostomia;Chordata;Craniata;Vertebrata;Gnathostomata;Teleostomi;Euteleostomi;Actinopterygii;Actinopteri;Neopterygii;Teleostei;Osteoglossocephalai;Clupeocephala;Otomorpha;Ostariophysi;Otophysi;Characiphysae;Siluriformes;Siluroidei;Ictaluridae;Ictalurus	Ictalurus punctatus
scaffold5-size699606-gene-0.24	371	XP_017334375.1	1024	5	103	738	829	8.199999999999999e-09	72.0	175	100	26.7	39.0	7998	XP_017334375.1 PREDICTED: signal peptide, CUB and EGF-like domain-containing protein 2 isoform X4 [Ictalurus punctatus]	XP_017334375.1 PREDICTED: signal peptide, CUB and EGF-like domain-containing protein 2 isoform X4 [Ictalurus punctatus]	cellular organisms;Eukaryota;Opisthokonta;Metazoa;Eumetazoa;Bilateria;Deuterostomia;Chordata;Craniata;Vertebrata;Gnathostomata;Teleostomi;Euteleostomi;Actinopterygii;Actinopteri;Neopterygii;Teleostei;Osteoglossocephalai;Clupeocephala;Otomorpha;Ostariophysi;Otophysi;Characiphysae;Siluriformes;Siluroidei;Ictaluridae;Ictalurus	Ictalurus punctatus
scaffold5-size699606-gene-0.24	371	XP_017334374.1	1032	5	103	746	837	8.199999999999999e-09	72.0	175	100	26.7	39.0	7998	XP_017334374.1 PREDICTED: signal peptide, CUB and EGF-like domain-containing protein 2 isoform X3 [Ictalurus punctatus]	XP_017334374.1 PREDICTED: signal peptide, CUB and EGF-like domain-containing protein 2 isoform X3 [Ictalurus punctatus]	cellular organisms;Eukaryota;Opisthokonta;Metazoa;Eumetazoa;Bilateria;Deuterostomia;Chordata;Craniata;Vertebrata;Gnathostomata;Teleostomi;Euteleostomi;Actinopterygii;Actinopteri;Neopterygii;Teleostei;Osteoglossocephalai;Clupeocephala;Otomorpha;Ostariophysi;Otophysi;Characiphysae;Siluriformes;Siluroidei;Ictaluridae;Ictalurus	Ictalurus punctatus
scaffold5-size699606-gene-0.24	371	XP_009023340.1	904	5	137	556	672	9.1e-08	68.6	166	141	35.8	30.5	6412	XP_009023340.1 hypothetical protein HELRODRAFT_84585, partial [Helobdella robusta]	XP_009023340.1 hypothetical protein HELRODRAFT_84585, partial [Helobdella robusta]<>ESN98540.1 hypothetical protein HELRODRAFT_84585, partial [Helobdella robusta]	cellular organisms;Eukaryota;Opisthokonta;Metazoa;Eumetazoa;Bilateria;Protostomia;Spiralia;Lophotrochozoa;Annelida;Clitellata;Hirudinea;Hirudinida;Glossiphoniiformes;Glossiphoniidae;Helobdella	Helobdella robusta
scaffold5-size699606-gene-0.24	371	XP_005075746.1	963	5	103	675	766	1.6e-07	67.8	164	100	26.7	36.0	10036	XP_005075746.1 signal peptide, CUB and EGF-like domain-containing protein 2 isoform X2 [Mesocricetus auratus]	XP_005075746.1 signal peptide, CUB and EGF-like domain-containing protein 2 isoform X2 [Mesocricetus auratus]	cellular organisms;Eukaryota;Opisthokonta;Metazoa;Eumetazoa;Bilateria;Deuterostomia;Chordata;Craniata;Vertebrata;Gnathostomata;Teleostomi;Euteleostomi;Sarcopterygii;Dipnotetrapodomorpha;Tetrapoda;Amniota;Mammalia;Theria;Eutheria;Boreoeutheria;Euarchontoglires;Glires;Rodentia;Myomorpha;Muroidea;Cricetidae;Cricetinae;Mesocricetus	Mesocricetus auratus
scaffold5-size699606-gene-0.24	371	XP_012972936.1	1020	5	103	732	823	1.6e-07	67.8	164	100	26.7	36.0	10036	XP_012972936.1 signal peptide, CUB and EGF-like domain-containing protein 2 isoform X1 [Mesocricetus auratus]	XP_012972936.1 signal peptide, CUB and EGF-like domain-containing protein 2 isoform X1 [Mesocricetus auratus]	cellular organisms;Eukaryota;Opisthokonta;Metazoa;Eumetazoa;Bilateria;Deuterostomia;Chordata;Craniata;Vertebrata;Gnathostomata;Teleostomi;Euteleostomi;Sarcopterygii;Dipnotetrapodomorpha;Tetrapoda;Amniota;Mammalia;Theria;Eutheria;Boreoeutheria;Euarchontoglires;Glires;Rodentia;Myomorpha;Muroidea;Cricetidae;Cricetinae;Mesocricetus	Mesocricetus auratus
scaffold5-size699606-gene-0.24	371	XP_021056390.1	807	5	103	585	676	1.6e-07	67.8	164	100	26.7	36.0	10093	XP_021056390.1 signal peptide, CUB and EGF-like domain-containing protein 2 isoform X2 [Mus pahari]	XP_021056390.1 signal peptide, CUB and EGF-like domain-containing protein 2 isoform X2 [Mus pahari]	cellular organisms;Eukaryota;Opisthokonta;Metazoa;Eumetazoa;Bilateria;Deuterostomia;Chordata;Craniata;Vertebrata;Gnathostomata;Teleostomi;Euteleostomi;Sarcopterygii;Dipnotetrapodomorpha;Tetrapoda;Amniota;Mammalia;Theria;Eutheria;Boreoeutheria;Euarchontoglires;Glires;Rodentia;Myomorpha;Muroidea;Muridae;Murinae;Mus;Coelomys	Mus pahari
scaffold5-size699606-gene-0.24	371	XP_021086119.1	871	5	103	583	674	1.6e-07	67.8	164	100	26.7	36.0	10036	XP_021086119.1 signal peptide, CUB and EGF-like domain-containing protein 2 isoform X3 [Mesocricetus auratus]	XP_021086119.1 signal peptide, CUB and EGF-like domain-containing protein 2 isoform X3 [Mesocricetus auratus]	cellular organisms;Eukaryota;Opisthokonta;Metazoa;Eumetazoa;Bilateria;Deuterostomia;Chordata;Craniata;Vertebrata;Gnathostomata;Teleostomi;Euteleostomi;Sarcopterygii;Dipnotetrapodomorpha;Tetrapoda;Amniota;Mammalia;Theria;Eutheria;Boreoeutheria;Euarchontoglires;Glires;Rodentia;Myomorpha;Muroidea;Cricetidae;Cricetinae;Mesocricetus	Mesocricetus auratus
scaffold5-size699606-gene-0.24	371	XP_029395530.1	1027	5	103	739	830	1.6e-07	67.8	164	100	26.7	36.0	10093	XP_029395530.1 signal peptide, CUB and EGF-like domain-containing protein 2 isoform X1 [Mus pahari]	XP_029395530.1 signal peptide, CUB and EGF-like domain-containing protein 2 isoform X1 [Mus pahari]	cellular organisms;Eukaryota;Opisthokonta;Metazoa;Eumetazoa;Bilateria;Deuterostomia;Chordata;Craniata;Vertebrata;Gnathostomata;Teleostomi;Euteleostomi;Sarcopterygii;Dipnotetrapodomorpha;Tetrapoda;Amniota;Mammalia;Theria;Eutheria;Boreoeutheria;Euarchontoglires;Glires;Rodentia;Myomorpha;Muroidea;Muridae;Murinae;Mus;Coelomys	Mus pahari
scaffold5-size699606-gene-0.24	371	XP_027265863.1	1020	5	103	732	823	3.5e-07	66.6	161	100	26.7	35.0	10029	XP_027265863.1 LOW QUALITY PROTEIN: signal peptide, CUB and EGF-like domain-containing protein 2 isoform X2 [Cricetulus griseus]	XP_027265863.1 LOW QUALITY PROTEIN: signal peptide, CUB and EGF-like domain-containing protein 2 isoform X2 [Cricetulus griseus]	cellular organisms;Eukaryota;Opisthokonta;Metazoa;Eumetazoa;Bilateria;Deuterostomia;Chordata;Craniata;Vertebrata;Gnathostomata;Teleostomi;Euteleostomi;Sarcopterygii;Dipnotetrapodomorpha;Tetrapoda;Amniota;Mammalia;Theria;Eutheria;Boreoeutheria;Euarchontoglires;Glires;Rodentia;Myomorpha;Muroidea;Cricetidae;Cricetinae;Cricetulus	Cricetulus griseus
scaffold5-size699606-gene-0.24	371	XP_027241793.1	807	5	103	519	610	3.5e-07	66.6	161	100	26.7	35.0	10029	XP_027241793.1 signal peptide, CUB and EGF-like domain-containing protein 2 isoform X1, partial [Cricetulus griseus]	XP_027241793.1 signal peptide, CUB and EGF-like domain-containing protein 2 isoform X1, partial [Cricetulus griseus]	cellular organisms;Eukaryota;Opisthokonta;Metazoa;Eumetazoa;Bilateria;Deuterostomia;Chordata;Craniata;Vertebrata;Gnathostomata;Teleostomi;Euteleostomi;Sarcopterygii;Dipnotetrapodomorpha;Tetrapoda;Amniota;Mammalia;Theria;Eutheria;Boreoeutheria;Euarchontoglires;Glires;Rodentia;Myomorpha;Muroidea;Cricetidae;Cricetinae;Cricetulus	Cricetulus griseus
scaffold5-size699606-gene-0.24	371	XP_023023987.1	3455	5	171	3128	3316	3.8e-06	63.2	152	190	45.0	28.4	7539	XP_023023987.1 sushi, von Willebrand factor type A, EGF and pentraxin domain-containing protein 1 isoform X1 [Leptinotarsa decemlineata]	XP_023023987.1 sushi, von Willebrand factor type A, EGF and pentraxin domain-containing protein 1 isoform X1 [Leptinotarsa decemlineata]	cellular organisms;Eukaryota;Opisthokonta;Metazoa;Eumetazoa;Bilateria;Protostomia;Ecdysozoa;Panarthropoda;Arthropoda;Mandibulata;Pancrustacea;Hexapoda;Insecta;Dicondylia;Pterygota;Neoptera;Holometabola;Coleoptera;Polyphaga;Cucujiformia;Chrysomeloidea;Chrysomelidae;Chrysomelinae;Doryphorini;Leptinotarsa	Leptinotarsa decemlineata
scaffold5-size699606-gene-0.24	371	XP_023023995.1	3432	5	171	3105	3293	3.8e-06	63.2	152	190	45.0	28.4	7539	XP_023023995.1 sushi, von Willebrand factor type A, EGF and pentraxin domain-containing protein 1 isoform X2 [Leptinotarsa decemlineata]	XP_023023995.1 sushi, von Willebrand factor type A, EGF and pentraxin domain-containing protein 1 isoform X2 [Leptinotarsa decemlineata]	cellular organisms;Eukaryota;Opisthokonta;Metazoa;Eumetazoa;Bilateria;Protostomia;Ecdysozoa;Panarthropoda;Arthropoda;Mandibulata;Pancrustacea;Hexapoda;Insecta;Dicondylia;Pterygota;Neoptera;Holometabola;Coleoptera;Polyphaga;Cucujiformia;Chrysomeloidea;Chrysomelidae;Chrysomelinae;Doryphorini;Leptinotarsa	Leptinotarsa decemlineata
